Data,Notícia
2024-09-08,"Ibovespa caiu 1,40% no último fechamento"
2024-09-08,"Volta dos IPOs deve ficar só para 2025, nas previsões mais otimistas"
2024-09-08,resultado da loteria federal do 1 ao 10
2024-09-08,Dividendos hoje: JHSF (JHSF3) distribui 20 milhões em proventos; veja valor por ação – Investimentos – Estadão E-Investidor – As principais notícias do mercado financeiro
2024-09-08,Mais de 80% da bolsa de Pequim teve lucro no 1º semestre
2024-09-08,"Inflação dentro e juros fora: após forte queda, Ibovespa abre a semana de olho no IPCA e na taxa de juros na Europa"
2024-09-08,Bolsa de valores atinge recorde de pontos e dólar fecha em queda
2024-09-08,loteria loto facil ultimo resultado
2024-09-08,Entenda a maior queda na bolsa de valores de Tóquio desde 1987
2024-09-08,Foto do arquivo: fornecida por 【aniversario cassino】
2024-09-07,Foto do arquivo: fornecida por 【aniversario cassino】
2024-09-07,Tendências 09/09/2024 | das principais ações da Bolsa
2024-09-07,Entenda a maior queda na bolsa de valores de Tóquio desde 1987
2024-09-07,Bolsa vai ou racha? 7 previsões de especialistas para o Ibovespa até o fim do ano
2024-09-07,Cotação VALEI580W2 Ex:58 13/09/2024 - VALEI580W2 | ADVFN Brasil
2024-09-07,"Apesar do recuo na Bolsa, Burberry mantém aura de ícone do luxo britânico"
2024-09-07,Investimentos: qual é a diferença entre dividendos e JCP?
2024-09-07,jogo do volta redonda hoje
2024-09-07,Medo de recessão nos EUA derruba bolsa de valores
2024-09-07,Correção do Ibovespa e dólar em baixa? Confira na análise técnica
2024-09-06,Dados de emprego nos EUA impulsionam dólar; Ibovespa fecha em queda
2024-09-06,"Bolsa fecha em queda, e dólar sobe após dados de empregos nos EUA"
2024-09-06,S2EA34 (SEA LTD DRN)
2024-09-06,"Cotações em Tempo Real: Bolsa de Valores, Ações, Criptomoedas, FIIs"
2024-09-06,Descubra os setores da bolsa de valores que deixam os investidores mais otimistas atualmente
2024-09-06,"Fechamento | Bolsa replica aversão a risco de NY após payroll e cai 1,41%; Dólar sobe a R$ 5,59"
2024-09-06,"Ibovespa hoje: índice caminha para fechar em queda, enquanto Azul (AZUL4) lidera perdas – Tempo Real – Estadão E-Investidor – As principais notícias do mercado financeiro"
2024-09-06,"Ibovespa abre em alta de 0,11% aos 136.508 pontos; dólar cai 0,54%"
2024-09-06,Investidores estrangeiros saem dos EUA e retornam para a B3
2024-09-06,[Morning Call] Leia as principais notícias da abertura do mercado financeiro
2024-09-05,"Bolsa fecha em leve alta e dólar cai, à espera de dados dos EUA"
2024-09-05,"Ibovespa fecha com nova alta, puxada por Vale, bancos e varejo"
2024-09-05,Ibovespa hoje fecha em alta com avanço de ações ligadas ao consumo – Tempo Real – Estadão E-Investidor – As principais notícias do mercado financeiro
2024-09-05,"As 10 maiores empresas do Brasil - Petrobras, Vale e Itaú estão na lista"
2024-09-05,eyes the blaze
2024-09-05,Bolsas de NY não firmam direção única com mercado cauteloso antes de ‘payroll’
2024-09-05,Tendências 06/09/2024 | das principais ações da Bolsa
2024-09-05,"Renda fixa ganha 1,2 milhão de novos investidores no 2º trimestre deste ano"
2024-09-05,"Ibovespa subiu 0,30% no último fechamento"
2024-09-05,O maior obstáculo para as ações da Vale deixarem a penúria para trás
2024-09-04,Ibovespa fecha com maior alta diária em um mês; apenas oito ativos recuam
2024-09-04,Ibovespa hoje: o que levou à forte alta da Bolsa? – Tempo Real – Estadão E-Investidor – As principais notícias do mercado financeiro
2024-09-04,Bolsa fecha em alta com chance de corte maior de juros nos EUA; dólar cai
2024-09-04,"Bolsa fecha em alta com reforço de corte de juros nos EUA; dólar fica estável em R$ 5,63"
2024-09-04,"Ibovespa fecha em alta, com fiscal e dados dos EUA no radar; dólar tem leve queda"
2024-09-04,Tendências 05/09/2024 | das principais ações da Bolsa
2024-09-04,Bolsa dispara e dólar fica estável com dados de emprego dos EUA
2024-09-04,"Ibovespa subiu 1,30% no último fechamento"
2024-09-04,"Puxada por Vale e bancos, Ibovespa fecha em forte alta de 1,31%; dólar cai"
2024-09-04,O fim do monopólio da B3 no Brasil
2024-09-03,"Apesar do PIB, Bolsa fecha em queda e dólar sobe com dados dos EUA"
2024-09-03,"Ibovespa engata quarta queda seguida com commodities, apesar do PIB surpreendente"
2024-09-03,Vale (VALE3): Ações afundam na bolsa com temores vindo da China
2024-09-03,‘Gangorra’ do Ibovespa: veja o que pode ajudar ou atrapalhar a bolsa de valores nos próximos dias
2024-09-03,"Com aversão global a risco e Vale e Petrobras em baixa, Ibovespa fecha em queda de 0,41%; dólar sobe 0,48% e vai a R$ 5,64"
2024-09-03,XP projeta que Ibovespa bata 155 mil pontos em 12 meses
2024-09-03,Entenda por que o Ibovespa caiu hoje – Tempo Real – Estadão E-Investidor – As principais notícias do mercado financeiro
2024-09-03,Tendências 04/09/2024 | das principais ações da Bolsa
2024-09-03,"Ibovespa abre em queda de 0,02% aos 134.883 pontos; dólar recua 0,43%"
2024-09-03,"Dólar sobe e fecha a R$ 5,64, apesar do crescimento do PIB acima do esperado; Ibovespa cai"
2024-09-08,"Inflação dentro e juros fora: após forte queda, Ibovespa abre a semana de 
olho no IPCA e na taxa de juros na Europa"
2024-09-08,Correção do Ibovespa e dólar em baixa? Confira na análise técnica
2024-09-08,Santos Brasil finaliza oferta pública de debêntures e capta R$ 2 bilhões
2024-09-08,"O Ibovespa pode até ter subido, mas a bolsa ainda está longe de alcançar um 
marco importante (e isso pode ser bom pra você)"
2024-09-08,"IPCA de agosto vem aí e analistas projetam 4,4% em 2024; confira a agenda 
da semana"
2024-09-08,Abc bet
2024-09-08,Agenda econômica mira índices de inflação no Brasil e EUA
2024-09-08,baccarat jogo
2024-09-08,"Dividendos de até 15,24% são destaque no Money Times; veja as principais 
manchetes dos jornais hoje (08)"
2024-09-07,"VALE3, RENT3 e outras 3 ações para superar o Ibovespa na semana, segundo a 
MyCap"
2024-09-07,"Bolsa vai ou racha? 7 previsões de especialistas para o Ibovespa até o fim 
do ano"
2024-09-07,Mercado vacilou e ainda terá nova semana ‘decisiva’ pela frente
2024-09-07,"Ibovespa cai 1,41% no dia, aos 134,5 mil, e acumula perda de 1,05% na semana"
2024-09-07,winbra com
2024-09-07,Ibovespa avança com viés positivo no exterior e Natura&Co sob holofote
2024-09-07,"PagBank troca toda sua carteira de ações para a próxima semana; veja 
escolhas e análise gráfica"
2024-09-07,"Bolsa cai 1% na semana com incertezas no corte de juros nos Estados Unidos; 
dólar recua a R$ 5,58"
2024-09-07,"PetroReconcavo (RECV3) produz 25,7 mil barris de óleo por dia em agosto"
2024-09-06,"Ibovespa tem maior queda desde junho, após dado de empregos nos EUA"
2024-09-06,"Ibovespa despenca após dados de emprego nos EUA; Vale (VALE3) e Petrobras 
(PETR4) recuam"
2024-09-06,"Ibovespa hoje: índice opera nas mínimas com mau humor em NY e queda de 
ações de peso – Tempo Real – Estadão E-Investidor – As principais notícias 
do mercado financeiro"
2024-09-06,"Cotação Ibovespa (IBOV) hoje: veja preços, gráficos e notícias em Tempo Real"
2024-09-06,"Ibovespa e dólar abrem em queda, com dados dos EUA em foco"
2024-09-06,"Ibovespa fecha em queda de 1,41% com números fracos de emprego nos EUA"
2024-09-06,"Com mau humor global, Ibovespa cai 1,41% e perde 1,05% na semana; dólar sobe"
2024-09-06,"Ibovespa cai com Vale e Petrobras em meio à forte aversão a risco após 
'payroll'"
2024-09-06,"Ibovespa Futuro vira para alta após relatório de emprego nos EUA abaixo do 
previsto"
2024-09-05,"Ibovespa abre estável em 136.111 pontos; dólar cai 0,41%"
2024-09-05,Ibovespa ronda a estabilidade com dados de emprego nos EUA no radar
2024-09-05,Ibovespa fecha em alta com Vale (VALE3) e grandes bancos; dólar despenca
2024-09-05,"Ibovespa oscila na abertura, com dados dos EUA no radar"
2024-09-05,"Ibovespa tem leve alta e mantém os 136 mil; dólar cai mais de 1% e fecha a 
R$ 5,57 com dados nos EUA"
2024-09-05,Ibovespa fecha em alta com avanço da Vale e de bancos; dólar cai
2024-09-05,Ibovespa mostra indefinição com EUA no radar
2024-09-05,Ibovespa Futuro acelera perdas após dados do mercado de trabalho dos EUA
2024-09-04,"Além de 160 mil? Após rali, instituições sobem projeções do Ibovespa para 
2024 e 2025"
2024-09-04,"Ibovespa fecha em alta, com fiscal e dados dos EUA no radar; dólar tem leve 
queda"
2024-09-04,Ibovespa interrompe 4 quedas e tem 1ª alta em setembro
2024-09-04,"Ibovespa sobe mais de 1% e volta a se aproximar de nível recorde com 
Embraer (EMBR3); dólar tem leve queda a R$ 5,63"
2024-09-04,"Ibovespa sobe 0,85% aos 135.490 pontos; dólar cai 0,05%"
2024-09-04,"Ibovespa dispara mais de 1% e volta aos 136 mil pontos; Vale (VALE3) e 
grandes bancos sobem"
2024-09-04,Ibovespa descola do exterior e avança após quatro quedas
2024-09-04,Ibovespa fecha em alta com avanço da Embraer e declarações de Haddad
2024-09-03,"Ibovespa engata quarta queda seguida com commodities, apesar do PIB 
surpreendente"
2024-09-03,"Ibovespa bate recordes em agosto? Nem tanto, mercado"
2024-09-03,"Tempo real: Ibovespa cai aos 134 mil pontos com Vale (VALE3), Petrobras 
(PETR4) e NY; dólar sobe a R$ 5,64"
2024-09-03,Ibovespa cai para 134.353 pontos
2024-09-03,"Ibovespa fecha em queda pelo 4° pregão seguido; Vale (VALE3) despenca mais 
de 3%"
2024-09-03,"Dólar sobe e fecha a R$ 5,64, apesar do crescimento do PIB acima do 
esperado; Ibovespa cai"
2024-09-03,"E se eu dissesse que o Ibovespa pode cair 40% nos próximos dias? – Vitor 
Miziara – Estadão E-Investidor – As principais notícias do mercado 
financeiro"
2024-09-03,Ibovespa fecha em queda com sentimento de cautela no exterior; dólar sobe
2024-09-08,"Índice Nikkei do mercado de ações de Tóquio abre em queda de mais de 3% por 
reflexo do mercado global"
2024-09-08,"VALE3, TRPL4 e as ações para lucrar na semana, segundo a XP"
2024-09-08,"Japão - Ações fecharam o pregão em queda e o Índice Nikkei 225 recuou 0,72%"
2024-09-08,"Integração entre Sema e bombeiros coordena ações nas operações de 
fiscalização contra o fogo no interior do estado"
2024-09-08,Helder explica ações do Pará para reduzir emissões de carbono
2024-09-08,"Dividendos hoje: JHSF (JHSF3) distribui 20 milhões em proventos; veja valor 
por ação – Investimentos – Estadão E-Investidor – As principais notícias do 
mercado financeiro"
2024-09-08,TOP AÇÕES DE DIVIDENDOS PARA COMPRAR EM SETEMBRO! FORTES DIVIDENDOS EM 2024
2024-09-08,"Austrália - Ações fecharam o pregão em queda e o Índice S&P/ASX 200 recuou 
0,32%"
2024-09-07,5 ações de crescimento rápido e lucros estáveis para investir em setembro
2024-09-07,Usinas da Paz promovem ações de saúde alusivas à campanha 'Setembro Amarelo'
2024-09-07,Ações de recuperação asfáltica seguem neste sábado no lado Oeste da cidade
2024-09-07,Mesa de monitoramento analisa ações e projetos do Conjunto CFESS-CRESS
2024-09-07,"Veja as 5 melhores ações para buscar dividendos: Direcional (DIRR3) é uma 
delas"
2024-09-07,"Governo divulga ações sobre Segurança Alimentar e Nutricional, benefícios 
sociais e políticas LGBTQIA+ no 7º dia de Expoacre"
2024-09-06,VBBR3 (VIBRA ENERGIA) - Cotação
2024-09-06,"Com a primeira edição do Na Tua Mão, governo amplia ações para dar 
visibilidade ao Plano Rio Grande"
2024-09-06,"Estudantes de Medicina desenvolvem ações com crianças e adolescentes em 
medidas socioeducativas e protetivas"
2024-09-06,"5 ações para comprar em setembro, segundo a PagBank – Radar da Imprensa – 
Estadão E-Investidor – As principais notícias do mercado financeiro"
2024-09-06,"Berkshire Hathaway vende mais ações do BofA, somando R$ 40 bi"
2024-09-06,VAMO3 (GRUPO VAMOS)
2024-09-06,"As melhores ações para investir em setembro; veja 5 destaques em ‘Comprar 
ou Vender’"
2024-09-06,"PGR e AGU devem se manifestar no STF pelo arquivamento de ações que 
questionam bloqueio do X"
2024-09-05,Ações europeias caem com receio sobre crescimento global
2024-09-05,As ações no exterior mais recomendadas para setembro: preparadas para o pior
2024-09-05,"DPPE INFORMA – Ações de Cidadania na Campina do Barreto e em Brasília 
Teimosa"
2024-09-05,BlackRock se desfaz de ações da Azul (AZUL4); papel cai 70% no ano
2024-09-05,ONS aprova ações preventivas para garantir oferta de energia no país
2024-09-05,"As melhores ações para investir em setembro, segundo o Santander – Radar da 
Imprensa – Estadão E-Investidor – As principais notícias do mercado 
financeiro"
2024-09-05,"As ações mais recomendadas para setembro, segundo 12 bancos e corretoras"
2024-09-05,Escalada de ações contra o erário demanda investigação
2024-09-04,Ações de dividendos mais indicadas para setembro; elétrica é novidade do mês
2024-09-04,Confira as ações mais recomendadas para investir em setembro
2024-09-04,Ações da Petz (PETZ3) disparam 6% com anúncio de dividendos milionários
2024-09-04,"Minha Casa, Minha Vida tem explosão de ações judiciais e CNJ suspeita de 
indústria de indenizações"
2024-09-04,TST suspende ações sobre adicional para motociclistas dos Correios
2024-09-04,Núcleo de Apoio à Governança destaca ações do Programa de Integridade
2024-09-04,"Termo assinado entre Casan e MPSC inclui ações já iniciadas pela Companhia 
para reservatórios mais seguros"
2024-09-04,"Ibovespa hoje: índice sobe com impulso das ações sensíveis a juros; entenda 
– Tempo Real – Estadão E-Investidor – As principais notícias do mercado 
financeiro"
2024-09-04,"Ações das escolas com nota 10 no Ideb devem ser replicadas, diz Lula"
2024-09-03,"As ações mais indicadas para setembro: Sabesp sai da lista e dá lugar a 
varejista"
2024-09-03,"Ações da Vale (VALE3) têm forte queda com baixa do minério de ferro e 
aversão a risco em NY"
2024-09-03,"Yduqs (YDUQ3) anuncia programa de recompra de ações de até R$ 300 milhões; 
veja o objetivo"
2024-09-03,"Ações nos EUA fecharam a semana em queda; Dow Jones recuou 1,51%"
2024-09-03,22 carteiras recomendadas de ações para setembro de 2024 + ranking
2024-09-03,"5 ações para comprar em setembro, segundo a Ágora Investimentos – Radar da 
Imprensa – Estadão E-Investidor – As principais notícias do mercado 
financeiro"
2024-09-03,Sempi promove ações de saúde para servidoras
2024-09-03,Ofertas de ações voltam ao radar de empresas listadas
2024-09-08,sorteio da loteria federal do dia 26
2024-09-08,"Recuperei perda de R$ 996 mil no day trade em 1 ano com ajuda de assessor 
financeiro"
2024-09-08,"Apartamentos studio dominam o mercado: dá para ganhar dinheiro com eles? – 
Investimentos – Estadão E-Investidor – As principais notícias do mercado 
financeiro"
2024-09-08,Por que uma gigante de Wall Street deseja que seus operadores joguem pôquer
2024-09-08,"Títulos verdes enfrentam desafios, mas são opção para diversificar carteira"
2024-09-08,"BMO Capital reafirma Market Perform para ações da Samsara, vê oportunidades 
de expansão"
2024-09-08,"Quais as vantagens de investir em ouro? Descubra por que esse pode ser o 
‘seguro’ que falta para sua carteira"
2024-09-08,"“Mercado” insiste em cortes na Saúde e Educação para alimentar seu esquema 
“Ponzi”"
2024-09-08,"Pix de investimentos: A nova iniciativa da CVM para facilitar a 
transferência de custódia"
2024-09-07,mercado financeiro bet365
2024-09-07,"O futuro no presente: como stablecoins e contratos inteligentes transformam 
o mercado financeiro"
2024-09-07,Nunes lança Tarcísio para presidente em encontro com mercado financeiro
2024-09-07,"Mudança em 310 fundos dos EUA traz problema “oculto” para o investidor; 
entenda"
2024-09-07,Especial: fintechs da América Latina lideram na atração de investidores
2024-09-07,"Onde investir em setembro? Confira 20 carteiras recomendadas pelo mercado 
para o mês"
2024-09-07,Apagão cibernético global causa tensão no mercado financeiro
2024-09-07,"Em expansão no mercado financeiro, Mêntore Bank é destaque na 17ª edição da 
ISC Brasil"
2024-09-06,Bilionários Brasil 2024: os 10 maiores do mercado financeiro
2024-09-06,"IA pode gerar ""gargalo"" no mercado financeiro, mas criptomoedas tem solução"
2024-09-06,"O que o payroll, dado mais esperado pelo mercado financeiro na semana, diz 
para os investidores? – Mercado – Estadão E-Investidor – As principais 
notícias do mercado financeiro"
2024-09-06,"A estagiária que virou a melhor assessora do mercado – com R$ 840 mi sob 
custódia"
2024-09-06,Alcançar R$ 1 milhão é mais fácil depois dos R$ 100 mil investidos? Entenda
2024-09-06,"Market Update BB | Como performaram os indicadores econômicos dessa semana? 
- 06/09"
2024-09-06,Presidente da Febraban defende regulamentação de criptoativos contra fraudes
2024-09-06,"FIDCs superam ganhos em CDI, ações e fundos imobiliários"
2024-09-05,"Mercado financeiro hoje: os 3 assuntos mais importantes para começar o dia 
bem informado – Mercado – Estadão E-Investidor – As principais notícias do 
mercado financeiro"
2024-09-05,Prefeitura do RJ estuda incentivos para atrair setor financeiro
2024-09-05,"‘Alexa, me faz um PIX?’ Conheça o chatbot programado para buscar ganhos no 
mercado financeiro"
2024-09-05,"CNA, IBDA e CVM promovem workshop Agro e o Mercado de Capitais"
2024-09-05,Mercado já testa nome de Pablo Marçal para Presidência em 2026
2024-09-05,BC publica Pesquisa de Estabilidade Financeira (PEF)
2024-09-05,Investimentos no exterior: o que você precisa saber antes de começar
2024-09-05,"Concessão de rodovias: com boa recepção do mercado, próximo passo é 
lançamento do edital"
2024-09-05,"Mercados financeiros hoje: exterior olha dados de emprego nos EUA; fiscal é 
foco no Brasil"
2024-09-04,"Mercados financeiros hoje: tensão com economia dos EUA volta a pressionar 
bolsas"
2024-09-04,"Mercado financeiro hoje: tombo da Nvidia (NVDC34) e mais 3 assuntos para 
direcionar seus investimentos nesta quarta-feira – Mercado – Estadão 
E-Investidor – As principais notícias do mercado financeiro"
2024-09-04,Garoto prodígio: assessor de 18 anos capta quase R$ 30 milhões em seis meses
2024-09-04,"Do mercado financeiro às artes: saiba quem são os principais doadores das 
campanha à prefeito de São Paulo"
2024-09-04,resultado da mega sena dia 15 10
2024-09-04,Previ tem resultado positivo em julho
2024-09-04,Setor bancário avança com transformação tecnológica
2024-09-04,"Não faz sentido defender BC isolado da política, mas sob influência do 
mercado, diz economista"
2024-09-04,Nvidia perde US$ 279 bilhões em valor de mercado – e continua a cair
2024-09-04,"Divulgação de previsão do PIB em alta coloca governo e mercado financeiro 
em alerta positivo"
2024-09-03,Setor financeiro ganha destaque nas indicações de ações para setembro
2024-09-03,"Mercado financeiro hoje: Vale (VALE3) em busca de parceiro, Azul (AZUL4) em 
apuros e acordo da Weg (WEGE3) de R$ 630 milhões – Mercado – Estadão 
E-Investidor – As principais notícias do mercado financeiro"
2024-09-03,Comentario semanal - Perspectivas
2024-09-03,"Briga entre X e STF pode afastar investidores do Brasil? Especialistas 
divergem"
2024-09-03,"Bolsa recua com peso da Vale e dados nos EUA; dólar vai a R$ 5,64"
2024-09-03,"PIB do Brasil cresce acima do esperado no 2º trimestre com impulso de 
consumo e investimento"
2024-09-03,Mercados financeiros hoje: tom negativo em NY marca volta de feriado
2024-09-03,"Investidores estrangeiros ingressam com R$ 10 bi na B3 em agosto e 
perspectiva é positiva"
2024-09-03,Expert XP: como é ser um investidor de curto prazo?
2024-09-03,"Políticas do governo federal fazem PIB crescer acima do esperado e rumar 
para 3% ao final do ano"
